<?xml version="1.0" encoding="UTF-8"?>
<urn:Clients xmlns:urn="urn:pingidentity.com:pf:oauth:client">
    <urn:Client client_id="OIDCDebugger" name="OIDCDebugger" logo="" secret="AXtvZb3KIKtszj4I6RQ7vlv-3sib5H1oZqyGGwOYILw.m8OPeE0_.2" persistentGrantExpirationTime="0" enabled="true" lastModified="2024-10-22T18:27:33.693Z" creationTime="2024-10-22T18:20:15.598Z" bypassApprovalPage="false" restrictScopes="false" jwksUri="" jwks="" clientAuthnType="SECRET" enforceOneTimeJWT="false" isRequireSignedRequest="false">
        <urn:Description>https://oidcdebugger.com/</urn:Description>
        <urn:Grant type="refresh_token"/>
        <urn:Grant type="implicit"/>
        <urn:Grant type="authorization_code"/>
        <urn:Grant type="urn:pingidentity.com:oauth2:grant_type:validate_bearer"/>
        <urn:RedirectUri>https://oidcdebugger.com/debug</urn:RedirectUri>
        <urn:SupplementalInfo key="CREATION_TIME" value="1729621215598"/>
        <urn:SupplementalInfo key="SECRET_CHANGED_TIME" value="1729621215"/>
        <urn:SupplementalInfo key="DEVICE_FLOW_SETTING" value="SERVER_DEFAULT"/>
        <urn:SupplementalInfo key="REQUIRE_OFFLINE_ACCESS_SCOPE_TO_ISSUE_REFRESH_TOKENS" value="SERVER_DEFAULT"/>
        <urn:SupplementalInfo key="ALLOW_AUTHORIZATION_DETAIL_TYPES" value="false"/>
        <urn:SupplementalInfo key="RESTRICT_RESPONSE_TYPES" value="false"/>
        <urn:SupplementalInfo key="SECONDARY_SECRET_RETENTION_PERIOD_TYPE" value="SERVER_DEFAULT"/>
        <urn:SupplementalInfo key="ACCESS_SESSION_MANAGEMENT_API" value="false"/>
        <urn:SupplementalInfo key="LOGOUT_MODE" value="NONE"/>
        <urn:SupplementalInfo key="ENABLE_COOKIELESS_AUTHENTICATION_API" value="false"/>
        <urn:SupplementalInfo key="ALLOW_EXCLUSIVE_SCOPES" value="false"/>
        <urn:SupplementalInfo key="REFRESH_TOKEN_ROLLING_GRACE_PERIOD_TYPE" value="SERVER_DEFAULT"/>
        <urn:SupplementalInfo key="PING_ACCESS_LOGOUT_CAPABLE" value="false"/>
        <urn:SupplementalInfo key="ALLOW_AUTHENTICATION_API_INIT" value="false"/>
        <urn:SupplementalInfo key="REQUIRE_PROOF_KEY_FOR_CODE_EXCHANGE" value="false"/>
        <urn:SupplementalInfo key="SECONDARY_SECRETS" value="eyJzZWNyZXRzIjpbXX0="/>
        <urn:SupplementalInfo key="RESTRICT_TO_DEFAULT_ATM" value="false"/>
        <urn:SupplementalInfo key="ACCESS_SESSION_REVOCATION_API" value="false"/>
        <urn:SupplementalInfo key="PERSISTENT_GRANT_IDLE_TIMEOUT_TYPE" value="SERVER_DEFAULT"/>
        <urn:SupplementalInfo key="PERSISTENT_GRANT_REUSE_TYPE" value="SERVER_DEFAULT"/>
        <urn:SupplementalInfo key="VALIDATE_USING_ALL_ELIGIBLE_ATMS" value="true"/>
        <urn:SupplementalInfo key="ENABLED" value="true"/>
        <urn:SupplementalInfo key="POST_LOGOUT_REDIRECT_URIS" value="[]"/>
    </urn:Client>
</urn:Clients>