<?xml version="1.0" encoding="UTF-8"?>
<urn:Clients xmlns:urn="urn:pingidentity.com:pf:oauth:client">
    <urn:Client client_id="wam" name="wam" logo="" secret="WF4c_FW_e-cux7MwexfXcx7qx-XPdeGvg7pjTEqaaN4.F6Jaqped.2" persistentGrantExpirationTime="0" enabled="true" lastModified="2024-10-22T18:13:24.134Z" creationTime="2024-10-22T18:13:24.134Z" bypassApprovalPage="false" restrictScopes="false" jwksUri="" jwks="" clientAuthnType="SECRET" enforceOneTimeJWT="false" isRequireSignedRequest="false">
        <urn:Description/>
        <urn:Grant type="urn:pingidentity.com:oauth2:grant_type:validate_bearer"/>
        <urn:RedirectUri>https://localhost/oidc/cb</urn:RedirectUri>
        <urn:SupplementalInfo key="SECRET_CHANGED_TIME" value="1729620804"/>
        <urn:SupplementalInfo key="CREATION_TIME" value="1729620804134"/>
        <urn:SupplementalInfo key="DEVICE_FLOW_SETTING" value="SERVER_DEFAULT"/>
        <urn:SupplementalInfo key="REQUIRE_OFFLINE_ACCESS_SCOPE_TO_ISSUE_REFRESH_TOKENS" value="SERVER_DEFAULT"/>
        <urn:SupplementalInfo key="ALLOW_AUTHORIZATION_DETAIL_TYPES" value="false"/>
        <urn:SupplementalInfo key="RESTRICT_RESPONSE_TYPES" value="false"/>
        <urn:SupplementalInfo key="SECONDARY_SECRET_RETENTION_PERIOD_TYPE" value="SERVER_DEFAULT"/>
        <urn:SupplementalInfo key="ACCESS_SESSION_MANAGEMENT_API" value="false"/>
        <urn:SupplementalInfo key="LOGOUT_MODE" value="NONE"/>
        <urn:SupplementalInfo key="ENABLE_COOKIELESS_AUTHENTICATION_API" value="false"/>
        <urn:SupplementalInfo key="ALLOW_EXCLUSIVE_SCOPES" value="false"/>
        <urn:SupplementalInfo key="REFRESH_TOKEN_ROLLING_GRACE_PERIOD_TYPE" value="SERVER_DEFAULT"/>
        <urn:SupplementalInfo key="PING_ACCESS_LOGOUT_CAPABLE" value="false"/>
        <urn:SupplementalInfo key="ALLOW_AUTHENTICATION_API_INIT" value="false"/>
        <urn:SupplementalInfo key="REQUIRE_PROOF_KEY_FOR_CODE_EXCHANGE" value="false"/>
        <urn:SupplementalInfo key="RESTRICT_TO_DEFAULT_ATM" value="false"/>
        <urn:SupplementalInfo key="ACCESS_SESSION_REVOCATION_API" value="false"/>
        <urn:SupplementalInfo key="PERSISTENT_GRANT_IDLE_TIMEOUT_TYPE" value="SERVER_DEFAULT"/>
        <urn:SupplementalInfo key="PERSISTENT_GRANT_REUSE_TYPE" value="SERVER_DEFAULT"/>
        <urn:SupplementalInfo key="VALIDATE_USING_ALL_ELIGIBLE_ATMS" value="false"/>
        <urn:SupplementalInfo key="ENABLED" value="true"/>
        <urn:SupplementalInfo key="POST_LOGOUT_REDIRECT_URIS" value="[]"/>
    </urn:Client>
</urn:Clients>