<?xml version="1.0" encoding="UTF-8"?>
<urn:OAuthConfig enableOAuth="true" authzCodeLength="30" authzCodeTimeout="60" restrictPlainPKCE="false" includeIssuerInAuthzResponse="false" rollRefreshTokens="true" refreshTokenRollingGracePeriod="60" rollingInterval="0" rollingIntervalTimeUnit="h" refreshTokenLength="42" atmIdForOAuthGrantManagement="" scopeForOAuthGrantManagement="" globalPersistentGrantExpirationTime="-1" globalPersistentGrantExpirationTimeUnit="d" globalPersistentGrantIdleTimeout="30" globalPersistentGrantIdleTimeoutTimeUnit="d" tokenEndpointBaseUrl="" userAuthzUrl="" registeredAuthzPath="" pendingAuthzTimeout="600" bypassActivationCodeConfirmation="false" devicePollingInterval="5" activationCodeCheckMode="AFTER_AUTHENTICATION" enableCookielessUserAuthzAuthnApi="false" clientSecretRetentionPeriod="0" authzConsentSetting="INTERNAL" parTimeout="60" parRefLength="24" parStatus="ENABLED" allowUnidentifiedClientROCreds="false" allowUnidentifiedClientExtensionGrants="false" jwtSecuredAuthorizationResponseModeLifetime="600" dpopProofRequireNonce="false" dpopProofLifetimeSeconds="120" dpopProofEnforceReplayPrevention="false" bypassAuthorizationForApprovedConsents="false" consentLifetimeDays="-1" requireOfflineAccessScopeToIssueRefreshTokens="false" offlineAccessRequireConsentPrompt="false" xmlns:urn="urn:pingidentity.com:pf:oauth:conf">
    <urn:UserKeyToAccessTokenMapping contextId="default" tokenManagerId="pfjwt">
        <urn1:AttributeMap Name="username" Type="Persistent Grant" xmlns:urn1="urn:sourceid.org:saml2:metadata-extension:v2">
            <urn1:ValueText>USER_KEY</urn1:ValueText>
        </urn1:AttributeMap>
        <urn1:TokenAuthorizationIssuanceCriteria xmlns:urn1="urn:sourceid.org:saml2:metadata-extension:v2"/>
    </urn:UserKeyToAccessTokenMapping>
    <urn:AdapterToUserKeyMapping sourcePluginId="HTML">
        <urn1:AttributeMap Name="USER_NAME" Type="Adapter" xmlns:urn1="urn:sourceid.org:saml2:metadata-extension:v2">
            <urn1:ValueText>username</urn1:ValueText>
        </urn1:AttributeMap>
        <urn1:AttributeMap Name="USER_KEY" Type="Adapter" xmlns:urn1="urn:sourceid.org:saml2:metadata-extension:v2">
            <urn1:ValueText>username</urn1:ValueText>
        </urn1:AttributeMap>
        <urn1:TokenAuthorizationIssuanceCriteria xmlns:urn1="urn:sourceid.org:saml2:metadata-extension:v2"/>
    </urn:AdapterToUserKeyMapping>
    <urn:ApcToUserKeyMapping sourcePluginId="General">
        <urn1:AttributeMap Name="USER_NAME" Type="Authentication Policy Contract" xmlns:urn1="urn:sourceid.org:saml2:metadata-extension:v2">
            <urn1:ValueText>subject</urn1:ValueText>
        </urn1:AttributeMap>
        <urn1:AttributeMap Name="USER_KEY" Type="Authentication Policy Contract" xmlns:urn1="urn:sourceid.org:saml2:metadata-extension:v2">
            <urn1:ValueText>subject</urn1:ValueText>
        </urn1:AttributeMap>
        <urn1:TokenAuthorizationIssuanceCriteria xmlns:urn1="urn:sourceid.org:saml2:metadata-extension:v2"/>
    </urn:ApcToUserKeyMapping>
</urn:OAuthConfig>