<?xml version="1.0" encoding="UTF-8"?>
<urn:OpenIdConnectProviderPolicy enabled="true" defaultPolicyGroupId="OIDCPolicy" trackUserSessionsForLogout="false" xmlns:urn="urn:pingidentity.com:pf:openid:connect:idp:policy">
    <urn:ProviderPolicyGroup policyId="OIDCPolicy" idTokenLife="5" includeSriInIdToken="false" includeUserInfoInIdToken="false" includeSHashInIdToken="false" includeX5tInIdToken="false" idTokenTypHeaderValue="" returnIdTokenOnRefreshGrant="false" reissueIdTokenHybridFlows="false" policyName="OIDCPolicy" accessTokenManagerId="pfjwt" lastModified="2024-10-22T18:06:37.079Z">
        <urn:UserInfoMapping>
            <urn1:AttributeMap Name="sub" Type="Persistent Grant" xmlns:urn1="urn:sourceid.org:saml2:metadata-extension:v2">
                <urn1:ValueText>persistentgrant.USER_KEY</urn1:ValueText>
            </urn1:AttributeMap>
            <urn1:AttributeMap Name="username" Type="Persistent Grant" xmlns:urn1="urn:sourceid.org:saml2:metadata-extension:v2">
                <urn1:ValueText>persistentgrant.USER_KEY</urn1:ValueText>
            </urn1:AttributeMap>
            <urn1:TokenAuthorizationIssuanceCriteria xmlns:urn1="urn:sourceid.org:saml2:metadata-extension:v2"/>
        </urn:UserInfoMapping>
        <urn:scopeAttributesMap>
            <urn:item>
                <urn:key>openid</urn:key>
                <urn:value>username</urn:value>
            </urn:item>
        </urn:scopeAttributesMap>
        <urn:attributeContractInclusionMap/>
        <urn:ExtendedAttributesAdditionalProperties/>
    </urn:ProviderPolicyGroup>
</urn:OpenIdConnectProviderPolicy>