<?xml version="1.0" encoding="UTF-8"?>
<ldap:ldap-sources xmlns:ldap="http://pingidentity.com/2004/09/ldap-ds">
    <ldap:ldap-source id="LDAP-EC486EAC9631CA8FC1E2CFC1C2362AF0E0F1160F" maskAttributeValues="false" ldapType="ActiveDirectory" ldapTypeDesc="Active Directory" lastModified="2024-10-22T17:27:25.493Z" testOnBorrow="false" testOnReturn="false" createIfNecessary="true" retryFailedOperations="false" minIdle="10" maxActive="100" maxWait="-1" timeBetweenEvictionRunsMillis="60000" readTimeoutMillis="3000" connTimeoutMillis="3000" verifyHost="true" dnsTtlMillis="60000" ldapDnsSrvPrefix="_ldap._tcp" ldapsDnsSrvPrefix="_ldaps._tcp">
        <ldap:host>localhost:3389</ldap:host>
        <ldap:principal>cn=serviceuser,ou=svcaccts,dc=example,dc=com</ldap:principal>
        <ldap:use-ssl>false</ldap:use-ssl>
        <ldap:use-dns-srv-records>false</ldap:use-dns-srv-records>
        <ldap:ad-referral>false</ldap:ad-referral>
        <ldap:credentials>eyJhbGciOiJkaXIiLCJlbmMiOiJBMTI4Q0JDLUhTMjU2Iiwia2lkIjoidERicUdWZzkzNSIsInZlcnNpb24iOiIxMi4xLjMuMCJ9..fyl6iNJyeR7m75hpg2-n0A.jU_1u7cysbHuOjEalJoWAA.xyrYISplbp9MYMg8dyruZQ</ldap:credentials>
        <ldap:authenticationMeth>simple</ldap:authenticationMeth>
        <ldap:description>GL</ldap:description>
        <ldap:name>GL</ldap:name>
        <ldap:binaryAttributes/>
        <ldap:ldapHostTagList>
            <ldap:tagEntry host="localhost:3389" tags=""/>
        </ldap:ldapHostTagList>
        <ldap:clientTlsCertAlias xsi:nil="true" xmlns:xsi="http://www.w3.org/2001/XMLSchema-instance"/>
        <ldap:use-startTLS>false</ldap:use-startTLS>
    </ldap:ldap-source>
</ldap:ldap-sources>