<?xml version="1.0" encoding="UTF-8"?>
<sk:systemKeys xmlns:sk="http://pingidentity.com/2018/01/system-keys">
    <sk:currentKey>
        <sk:key>eyJhbGciOiJkaXIiLCJlbmMiOiJBMTI4Q0JDLUhTMjU2Iiwia2lkIjoidERicUdWZzkzNSIsInZlcnNpb24iOiIxMi4xLjMuMCIsInppcCI6IkRFRiJ9..HwU8PDe9Xvfse_El2EASlA.6PGHadlcsTrYxHP2pSHAHU4pRFwRVjLlaSeHn0mRQ06dgtLX9ChrUybuSP9j_tmJ.HGLT8xbZ82sTlDPif5BU6w</sk:key>
        <sk:generatedTime>2024-10-21T19:59:09.459Z</sk:generatedTime>
    </sk:currentKey>
    <sk:previousKey xsi:nil="true" xmlns:xsi="http://www.w3.org/2001/XMLSchema-instance"/>
    <sk:pendingKey>
        <sk:key>eyJhbGciOiJkaXIiLCJlbmMiOiJBMTI4Q0JDLUhTMjU2Iiwia2lkIjoidERicUdWZzkzNSIsInZlcnNpb24iOiIxMi4xLjMuMCIsInppcCI6IkRFRiJ9..pZK3ZOz2TFSWs_zwiyN5DQ.mGUYbbzvjeMlQJOvNcVY-G77xTmTag8rK6QY9NTOs1hxzm-abbDlALr7Z-OclrRr.-iAgSI70Z8KwrIi8F7_G2w</sk:key>
        <sk:generatedTime>2024-10-21T19:59:09.459Z</sk:generatedTime>
    </sk:pendingKey>
</sk:systemKeys>