<?xml version="1.0" encoding="UTF-8"?>
<config xmlns="http://www.sourceid.org/2004/05/config">
    <!--Dsig keystore information: name and password-->
    <item name="DsigKeystoreName">ping-dsig.jks</item>
    <item name="DsigKeystorePassword">eyJhbGciOiJkaXIiLCJlbmMiOiJBMTI4Q0JDLUhTMjU2Iiwia2lkIjoidERicUdWZzkzNSIsInZlcnNpb24iOiIxMi4xLjMuMCJ9..BTMUuF5w_Aot4brqxbg7Qw.64p1fTextws64yLDF_iHu71wMKJF6hxiAStl8hqRVCs.OCxmCcgLuLIUAlVCiTAcbg</item>
    <!--Do not modify-->
    <item name="DsigKeystoreType2">default</item>
    <!--Map of Dsig keystore aliases to passwords; the system uses this map
     to open private keys for generating signatures, X509
     authentication, etc. For each item, the name of the item maps
     to the alias of a private key, and the value of the item is the
     password to that particular key.-->
    <map name="DsigPrivateKeyPasswords">
        <item name="4ki5ivn7smbe6zluu0uxwp60t">eyJhbGciOiJkaXIiLCJlbmMiOiJBMTI4Q0JDLUhTMjU2Iiwia2lkIjoidERicUdWZzkzNSIsInZlcnNpb24iOiIxMi4xLjMuMCJ9..9K9SW8GbUnq8U8ptl4rWAQ.noHOQRQhDo0f07vOu1pss8LRI4AK2DOVtsD_M_nEJVU.x15csxDoz9_dtdIoaBJpPA</item>
    </map>
    <!--DSIG HSM Keystore information: name and password-->
    <item name="DsigHSMKeystoreName">ping-dsig.hsmks</item>
    <item name="DsigHSMKeystorePassword"/>
    <item name="DsigHSMKeystoreType2">default</item>
    <!--Map of Dsig keystore aliases to passwords; the system uses this map
     to open private keys for generating signatures, X509
     authentication, etc. For each item, the name of the item maps
     to the alias of a private key and the value of the item is the
     password to that particular key-->
    <map name="DsigHSMPrivateKeyPasswords"/>
    <!--SSL Keystore information: name and password-->
    <item name="SslKeystoreName">ping-ssl.jks</item>
    <item name="SslKeystorePassword">eyJhbGciOiJkaXIiLCJlbmMiOiJBMTI4Q0JDLUhTMjU2Iiwia2lkIjoidERicUdWZzkzNSIsInZlcnNpb24iOiIxMi4xLjMuMCJ9..GTo8vdLsxa8bpHB0PpRiTQ.MVsiGHYloP6whWpo63rU-yYQiqCPftu0is7Hs6DMrnc.SYLgpwNTRJyztpmZy0MUbQ</item>
    <!--Do not modify-->
    <item name="SslKeystoreType2">default</item>
    <!--Map of SSL client auth keystore aliases to passwords; the system uses this map
     to open private keys for generating signatures, X509
     authentication, etc. For each item, the name of the item maps
     to the alias of a private key and the value of the item is the
     password to that particular key-->
    <map name="SslPrivateKeyPasswords"/>
    <!--SSL HSM Keystore information: name and password-->
    <item name="SslHSMKeystoreName">ping-ssl.hsmks</item>
    <item name="SslHSMKeystorePassword"/>
    <!--Do not modify-->
    <item name="SslHSMKeystoreType2">default</item>
    <!--Map of SSL client auth keystore aliases to passwords; the system uses this map
     to open private keys for generating signatures, X509
     authentication, etc. For each item, the name of the item maps
     to the alias of a private key and the value of the item is the
     password to that particular key-->
    <map name="SslHSMPrivateKeyPasswords"/>
    <!--SSL Server Keystore information: name and password-->
    <item name="SslServerKeystoreName">ping-ssl-server.jks</item>
    <item name="SslServerKeystorePassword">eyJhbGciOiJkaXIiLCJlbmMiOiJBMTI4Q0JDLUhTMjU2Iiwia2lkIjoidERicUdWZzkzNSIsInZlcnNpb24iOiIxMi4xLjMuMCJ9..vrT3SNyl42Rl7KDGlgEg8g.C6s-p8-GNgZKbp3j8YVVarL6wlZFJZ2qL7f_opsd7vY.atXhhLUCq74DbD8KynMmmg</item>
    <!--Do not modify-->
    <item name="SslServerKeystoreType2">default</item>
    <!--Map of SSL Server keystore aliases to passwords; the system uses this map
         to open private keys for generating signatures, X509
         authentication, etc. For each item, the name of the item maps
         to the alias of a private key and the value of the item is the
         password to that particular key-->
    <map name="SslServerPrivateKeyPasswords">
        <item name="5iwzpjqwkkwbvnh6y313ligfh">eyJhbGciOiJkaXIiLCJlbmMiOiJBMTI4Q0JDLUhTMjU2Iiwia2lkIjoidERicUdWZzkzNSIsInZlcnNpb24iOiIxMi4xLjMuMCJ9..5rdKPUpP-S2QGFSpJNQOpA._uKYDEFWcZIBkkYMmic81BcDTiJk9UL3qO-WTK_BOvc.bjuYnjfp2DeRcvT4HR05cA</item>
    </map>
    <!--SSL HSM Server Keystore information: name and password-->
    <item name="SslServerHSMKeystoreName">ping-ssl-server.hsmks</item>
    <item name="SslServerHSMKeystorePassword"/>
    <!--Do not modify-->
    <item name="SslServerHSMKeystoreType2">default</item>
    <!--Map of SSL Server keystore aliases to passwords; the system uses this map
         to open private keys for generating signatures, X509
         authentication, etc. For each item, the name of the item maps
         to the alias of a private key and the value of the item is the
         password to that particular key-->
    <map name="SslServerHSMPrivateKeyPasswords"/>
    <!--Truststore Keystore information: name and password-->
    <item name="TrustKeystoreName">ping-trust.jks</item>
    <item name="TrustKeystorePassword">eyJhbGciOiJkaXIiLCJlbmMiOiJBMTI4Q0JDLUhTMjU2Iiwia2lkIjoidERicUdWZzkzNSIsInZlcnNpb24iOiIxMi4xLjMuMCJ9..EG_dyLLKffxRh6NKAzyvpQ.lS849aG3ZseHo8VdGoCTlnqJ_07Q7Kztt9j6dhhm0kM.thnNNdzQ_gnSaJlbastgKA</item>
    <!--You can specify a key store type here. Available keystore types are
          JKS     - Java Keystore
          nCipher.sworld - nCipher keystore
          default - let the system select a keystore type for you. For Luna HSM 6, JKS is used.
                    For nCipher, nCipher.sworld is used. Otherwise, JKS is used-->
    <item name="TrustKeystoreType2">default</item>
    <!--Truststore HSM Keystore information: name and password-->
    <item name="TrustHSMKeystoreName">ping-trust.hsmks</item>
    <item name="TrustHSMKeystorePassword"/>
    <!--You can specify a key store type here. Available keystore types are
          JKS     - Java Keystore
          nCipher.sworld - nCipher keystore
          default - let the system select a keystore type for you. For Luna HSM 6, JKS is used.
                    For nCipher, nCipher.sworld is used. Otherwise, JKS is used-->
    <item name="TrustHSMKeystoreType2">default</item>
    <!--General keystore information: name and password-->
    <item name="GeneralKeystoreName">ping-general.jks</item>
    <item name="GeneralKeystorePassword"/>
    <!--Do not modify-->
    <item name="GeneralKeystoreType2">default</item>
    <!--Map of General keystore aliases to passwords; the system uses this map
     to open private keys for generating signatures, X509
     authentication, etc. For each item, the name of the item maps
     to the alias of a private key, and the value of the item is the
     password to that particular key.-->
    <map name="GeneralPrivateKeyPasswords"/>
    <!--General HSM keystore information: name and password-->
    <item name="GeneralHSMKeystoreName">ping-general.hsmks</item>
    <item name="GeneralHSMKeystorePassword"/>
    <!--Do not modify-->
    <item name="GeneralHSMKeystoreType2">default</item>
    <!--Map of General keystore aliases to passwords; the system uses this map
     to open private keys for generating signatures, X509
     authentication, etc. For each item, the name of the item maps
     to the alias of a private key, and the value of the item is the
     password to that particular key.-->
    <map name="GeneralHSMPrivateKeyPasswords"/>
</config>